date,y,yhat_lstm,yhat_lstm_0,yhat_lstm_1,predict,predicttrue
2016/3/24,0.253108153,0,0.480323821,0.519676149,0.126554077,1
2016/3/25,0.138902691,0,0.473297894,0.526702106,0.069451346,1
2016/3/28,0.07439554,-1,0.547318399,0.452681661,-0.03719777,0
2016/3/29,0.262786179,-1,0.591884673,0.408115327,-0.13139309,0
2016/3/30,0.03959612,-1,0.545467615,0.454532385,-0.01979806,0
2016/3/31,-0.074229869,-1,0.564915836,0.435084224,0.037114935,1
2016/4/1,-0.267658152,0,0.437430978,0.562568963,-0.133829076,0
2016/4/5,-0.630353247,0,0.454454482,0.545545518,-0.315176624,0
2016/4/6,-0.238201691,0,0.417903036,0.582096994,-0.119100846,0
2016/4/7,-0.148831699,0,0.490741253,0.509258747,-0.07441585,0
2016/4/8,-0.133951847,-1,0.524867892,0.475132048,0.066975924,1
2016/4/11,-0.436703587,0,0.464418679,0.535581291,-0.218351794,0
2016/4/12,-0.515976537,-1,0.788602889,0.211397097,0.257988269,1
2016/4/13,-0.41670861,-1,0.775103629,0.224896356,0.208354305,1
2016/4/14,-0.362976805,0,0.195095092,0.804904938,-0.181488403,0
2016/4/15,0.164175057,0,0.176370695,0.82362932,0.082087529,1
2016/4/18,-0.094445142,0,0.2355358,0.7644642,-0.047222571,0
2016/4/19,-0.039725892,0,0.330066293,0.669933677,-0.019862946,0
2016/4/20,-0.114248826,0,0.334890783,0.665109277,-0.057124413,0
2016/4/21,0.293000483,0,0.380483419,0.619516551,0.146500242,1
2016/4/22,0.357497898,-1,0.503695726,0.496304244,-0.178748949,0
2016/4/25,0.32260494,0,0.447601199,0.552398801,0.16130247,1
2016/4/26,0.541495151,0,0.36580199,0.63419801,0.270747576,1
2016/4/27,0.540367673,-1,0.501559973,0.498439968,-0.270183837,0
2016/4/28,0.63454506,-1,0.546520293,0.453479737,-0.31727253,0
2016/4/29,0.421282808,0,0.475705981,0.524294019,0.210641404,1
2016/5/3,0.599590508,-1,0.689626217,0.310373813,-0.299795254,0
2016/5/4,0.331691683,-1,0.751529336,0.248470649,-0.165845842,0
2016/5/5,0.148581078,-1,0.705270112,0.294729948,-0.074290539,0
2016/5/6,0.113903689,-1,0.852280915,0.14771913,-0.056951845,0
2016/5/9,-0.039643212,-1,0.846236706,0.153763339,0.019821606,1
2016/5/10,-0.237600349,-1,0.949440658,0.05055942,0.118800175,1
2016/5/11,-0.178059202,-1,0.943158269,0.056841787,0.089029601,1
2016/5/12,-0.133627003,-1,0.834738851,0.165261194,0.066813502,1
2016/5/13,-0.133481666,0,0.488070339,0.511929631,-0.066740833,0
2016/5/16,-0.118688506,-1,0.747193217,0.252806783,0.059344253,1
2016/5/17,-0.118847196,-1,0.663231015,0.336768985,0.059423598,1
2016/5/18,-0.118858968,-1,0.738559365,0.261440665,0.059429484,1
2016/5/19,0.148581078,-1,0.954105616,0.045894448,-0.074290539,0
2016/5/20,0.148566362,-1,0.969152749,0.030847223,-0.074283181,0
2016/5/23,0,-1,0.835257769,0.164742261,0,0
2016/5/24,0.039611805,-1,0.68830806,0.31169191,-0.019805903,0
2016/5/25,-0.069282925,-1,0.803661227,0.196338728,0.034641463,1
2016/5/26,-0.044544533,-1,0.64072156,0.35927844,0.022272267,1
2016/5/27,-0.009910312,-1,0.771326959,0.228673011,0.004955156,1
2016/5/30,0,-1,0.540859044,0.459140927,0,0
2016/5/31,-0.128757508,-1,0.680853963,0.319146067,0.064378754,1
2016/6/1,-0.560753771,-1,0.755808413,0.244191557,0.280376886,1
2016/6/2,-0.516181412,-1,0.820755243,0.179244772,0.258090706,1
2016/6/3,-0.32230101,-1,0.824472606,0.175527453,0.161150505,1
2016/6/6,-0.357072389,-1,0.859715462,0.140284553,0.178536195,1
2016/6/7,-0.362040716,-1,0.842739701,0.157260314,0.181020358,1
2016/6/8,-0.173589628,-1,0.881078005,0.118922047,0.086794814,1
2016/6/13,-0.183518143,0,0.391400546,0.608599424,-0.091759072,0
2016/6/14,-0.178553762,-1,0.755133331,0.244866669,0.089276881,1
2016/6/15,0.407231393,0,0.377350122,0.622649848,0.203615697,1
2016/6/16,0.570622036,-1,0.512256682,0.487743258,-0.285311018,0
2016/6/17,0.183590991,0,0.360565782,0.639434218,0.091795496,1
2016/6/20,0.223319613,0,0.171002001,0.82899797,0.111659807,1
2016/6/21,0.371941216,0,0.144400582,0.855599403,0.185970608,1
2016/6/22,0.425996285,0,0.008860989,0.991138995,0.212998143,1
2016/6/23,0.317224554,0,0.00270778,0.997292221,0.158612277,1
2016/6/24,0.26771123,0,0.079094619,0.920905352,0.133855615,1
2016/6/27,0.168366881,-1,0.907758296,0.092241749,-0.084183441,0
2016/6/28,0.158204413,-1,0.927709699,0.072290316,-0.079102207,0
2016/6/29,0.395804989,-1,0.892523289,0.107476667,-0.197902495,0
2016/6/30,0.247549389,-1,0.919470608,0.080529369,-0.123774695,0
2016/7/1,0,-1,0.855546415,0.14445354,0,0
2016/7/4,-0.18800718,0,0.346095592,0.653904438,-0.09400359,0
2016/7/5,-0.049500051,-1,0.778885663,0.221114278,0.024750026,1
2016/7/6,0.138531588,-1,0.591304839,0.408695191,-0.069265794,0
2016/7/7,0.059355989,0,0.485316813,0.514683247,0.029677995,1
2016/7/8,-0.054354541,0,0.240285873,0.759714067,-0.027177271,0
2016/7/11,0.078973351,0,0.169288754,0.830711186,0.039486676,1
2016/7/12,0.27652973,0,0.233117253,0.766882718,0.138264865,1
2016/7/13,0.385356932,0,0.410217345,0.589782596,0.192678466,1
2016/7/14,0.346055319,-1,0.597213149,0.402786851,-0.17302766,0
2016/7/15,0.444620829,0,0.363888472,0.636111438,0.222310415,1
2016/7/18,0.251833331,0,0.42847082,0.57152915,0.125916666,1
2016/7/19,0.40465906,-1,0.650707841,0.349292189,-0.20232953,0
2016/7/20,0.310904092,-1,0.525449157,0.474550784,-0.155452046,0
2016/7/21,0.069050558,0,0.434022278,0.565977693,0.034525279,1
2016/7/22,0.118279054,0,0.301240653,0.698759258,0.059139527,1
2016/7/25,0.162589645,0,0.41603592,0.583964109,0.081294823,1
2016/7/26,0.261219006,0,0.36983043,0.63016957,0.130609503,1
2016/7/27,0.285489463,-1,0.524952352,0.475047618,-0.142744732,0
2016/7/28,0.339709359,-1,0.545159578,0.454840362,-0.16985468,0
2016/7/29,0.265591342,0,0.276800364,0.723199606,0.132795671,1
2016/8/1,0.319764139,-1,0.516774178,0.483225793,-0.15988207,0
2016/8/2,0.457486594,-1,0.559176922,0.440823048,-0.228743297,0
2016/8/3,0.520732165,0,0.040171977,0.959828019,0.260366083,1
2016/8/4,0.579228009,0,0.352282107,0.647717893,0.289614005,1
2016/8/5,0.45182279,0,0.335894972,0.664104998,0.225911395,1
2016/8/8,0.255264976,0,0.314763874,0.685236156,0.127632488,1
2016/8/9,0.274860289,0,0.463317841,0.536682129,0.137430145,1
2016/8/10,0.137436825,0,0.262037754,0.737962246,0.068718413,1
2016/8/11,0.191368836,0,0.43004778,0.56995219,0.095684418,1
2016/8/12,0.019629975,0,0.260437608,0.739562392,0.009814988,1
2016/8/15,-0.18636592,0,0.014419838,0.985580206,-0.09318296,0
2016/8/16,-0.299012502,0,0.007738584,0.992261469,-0.149506251,0
2016/8/17,-0.039207999,0,0.149527237,0.850472748,-0.019604,0
2016/8/18,-0.024516414,-1,0.602661431,0.397338629,0.012258207,1
2016/8/19,-0.220810218,0,0.13045606,0.86954397,-0.110405109,0
2016/8/22,-0.122702413,0,0.24520269,0.75479728,-0.061351207,0
2016/8/23,-0.240496815,-1,0.575303018,0.424696982,0.120248408,1
2016/8/24,-0.191556826,0,0.087380342,0.91261965,-0.095778413,0
2016/8/25,-0.152293022,0,0.014871786,0.985128224,-0.076146511,0
2016/8/26,-0.147383962,0,0.012434741,0.987565219,-0.073691981,0
2016/8/29,-0.535746286,0,0.029638046,0.970361948,-0.267873143,0
2016/8/30,-0.496522909,0,0.326721638,0.673278332,-0.248261455,0
2016/8/31,-0.32473951,0,0.104059272,0.895940721,-0.162369755,0
2016/9/1,-0.512064142,-1,0.729660034,0.270339966,0.256032071,1
2016/9/2,-0.339642472,-1,0.733005881,0.266994089,0.169821236,1
2016/9/5,-0.26091038,-1,0.552408755,0.447591245,0.13045519,1
2016/9/6,-0.255981237,-1,0.531116724,0.468883336,0.127990619,1
2016/9/7,-0.236267092,-1,0.722325027,0.277674973,0.118133546,1
2016/9/8,0.009856101,-1,0.620194793,0.379805207,-0.004928051,0
2016/9/9,0.014783787,0,0.22347863,0.776521385,0.007391894,1
2016/9/12,0.08374591,0,0.454586923,0.545413077,0.041872955,1
2016/9/13,0.280975218,-1,0.551266372,0.448733598,-0.140487609,0
2016/9/14,0.192113554,0,0.308582157,0.691417873,0.096056777,1
2016/9/19,0.177296279,-1,0.501703322,0.498296648,-0.08864814,0
2016/9/20,0.177287548,0,0.182692349,0.817307651,0.088643774,1
2016/9/21,0.162493573,0,0.081915021,0.918085039,0.081246787,1
2016/9/22,0.324707557,0,0.20975472,0.790245295,0.162353779,1
2016/9/23,0.295217691,0,0.218418077,0.781581938,0.147608846,1
2016/9/26,0.167281712,0,0.165096179,0.834903836,0.083640856,1
2016/9/27,0.206530365,0,0.183521345,0.81647867,0.103265183,1
2016/9/28,0.206479597,0,0.38506633,0.61493361,0.103239799,1
2016/9/29,0.260448807,0,0.287993461,0.712006569,0.130224404,1
2016/9/30,0.216258808,0,0.000125045,0.999874949,0.108129404,1
2016/10/10,0.334004928,0,0.002253029,0.997747004,0.167002464,1
2016/10/11,0.313864217,0,0.029270833,0.970729232,0.156932109,1
2016/10/12,0.343322717,0,0.002883237,0.997116804,0.171661359,1
2016/10/13,0.206256519,0,0.005376749,0.994623303,0.10312826,1
2016/10/14,0.054020873,0,0.001754033,0.998245955,0.027010437,1
2016/10/17,-0.117936132,0,0.036749206,0.963250756,-0.058968066,0
2016/10/18,0,0,0.008447488,0.991552532,0,0
2016/10/19,0.0441772,0,0.002637028,0.997363031,0.0220886,1
2016/10/20,-0.255315109,0,0.039790574,0.96020937,-0.127657555,0
2016/10/21,-0.3531666,-1,0.729259431,0.270740509,0.1765833,1
2016/10/24,-0.289293884,-1,0.796034753,0.203965202,0.144646942,1
2016/10/25,-0.009812098,0,0.185799152,0.814200878,-0.004906049,0
2016/10/26,0.063805249,-1,0.578564942,0.421435058,-0.031902625,0
2016/10/27,0.07863954,-1,0.708542228,0.291457742,-0.03931977,0
2016/10/28,-0.108028491,0,0.245226234,0.754773796,-0.054014246,0
2016/10/31,-0.122762666,-1,0.658097506,0.341902584,0.061381333,1
2016/11/1,-0.11805796,-1,0.775883853,0.224116087,0.05902898,1
2016/11/2,-0.167207671,-1,0.534873605,0.465126395,0.083603836,1
2016/11/3,-0.314759518,0,0.494876146,0.505123794,-0.157379759,0
2016/11/4,-0.334185489,-1,0.821008623,0.178991333,0.167092745,1
2016/11/7,-0.398220826,-1,0.919070065,0.080929875,0.199110413,1
2016/11/8,-0.457959683,-1,0.899430692,0.100569285,0.228979842,1
2016/11/9,-0.536960329,-1,0.85724622,0.14275378,0.268480165,1
2016/11/10,-0.47281412,-1,0.589739799,0.410260201,0.23640706,1
2016/11/11,-0.320441991,0,0.471396297,0.528603673,-0.160220996,0
2016/11/14,-0.113269816,-1,0.596974552,0.403025389,0.056634908,1
2016/11/15,-0.142952234,-1,0.64592129,0.35407874,0.071476117,1
2016/11/16,-0.246439082,-1,0.547481239,0.452518731,0.123219541,1
2016/11/17,-0.157759843,-1,0.501104593,0.498895466,0.078879922,1
2016/11/18,-0.400584102,0,0.002583677,0.997416258,-0.200292051,0
2016/11/21,-0.510066226,0,0.00233807,0.997661948,-0.255033113,0
2016/11/22,-0.356083462,0,0.000183795,0.999816239,-0.178041731,0
2016/11/23,-0.316518563,-1,0.81806165,0.181938335,0.158259282,1
2016/11/24,-0.523690738,-1,0.871301651,0.128698394,0.261845369,1
2016/11/25,-0.41522551,-1,0.866499543,0.133500487,0.207612755,1
2016/11/28,-0.375754422,-1,0.53565675,0.46434316,0.187877211,1
2016/11/29,-0.395491914,0,0.011830918,0.988169074,-0.197745957,0
2016/11/30,0.039635355,0,0.174858257,0.825141728,0.019817678,1
2016/12/1,-1.702424453,-1,0.869433463,0.130566493,0.851212227,1
2016/12/2,-2.021888514,-1,0.63896203,0.361037999,1.010944257,1
2016/12/5,-2.203614808,-1,0.644862473,0.355137557,1.101807404,1
2016/12/6,-3.370001831,-1,0.660713911,0.339286119,1.685000916,1
2016/12/7,-2.396224731,-1,0.625123203,0.374876767,1.198112366,1
2016/12/8,-3.124389468,-1,0.630521476,0.369478464,1.562194734,1
2016/12/9,-3.185736027,0,0.440144092,0.559855878,-1.592868014,0
2016/12/12,-2.09227313,0,0.201324046,0.798675954,-1.046136565,0
2016/12/13,0.141299983,0,0.330177963,0.669822097,0.070649992,1
2016/12/14,-0.060685751,0,0.009567999,0.990431964,-0.030342876,0
2016/12/15,0.207400737,-1,0.622068942,0.377931118,-0.103700369,0
2016/12/16,1.156258902,-1,0.664020896,0.335979134,-0.578129451,0
2016/12/19,0.465682154,-1,0.82391423,0.176085755,-0.232841077,0
2016/12/20,1.772916461,-1,0.760223448,0.239776567,-0.886458231,0
2016/12/21,1.648319302,-1,0.785668075,0.21433194,-0.824159651,0
2016/12/22,0.544795536,-1,0.790168881,0.209831178,-0.272397768,0
2016/12/23,0.196478564,-1,0.796911836,0.20308812,-0.098239282,0
2016/12/26,0.745896009,-1,0.815565765,0.18443422,-0.372948005,0
2016/12/27,0.494002416,-1,0.777490616,0.222509444,-0.247001208,0
2016/12/28,0.847206278,-1,0.787992477,0.212007493,-0.423603139,0
2016/12/29,0.543917538,-1,0.777044117,0.222955823,-0.271958769,0
2016/12/30,-0.175883862,-1,0.733275294,0.266724646,0.087941931,1
2017/1/3,0.060343962,-1,0.733275294,0.266724646,-0.030171981,0
2017/1/4,0.190983623,-1,0.733275294,0.266724646,-0.095491812,0
2017/1/5,-0.206564801,-1,0.733275294,0.266724646,0.103282401,1
2017/1/6,-0.508420214,-1,0.733275294,0.266724646,0.254210107,1
2017/1/9,-0.337472303,-1,0.733275294,0.266724646,0.168736152,1
2017/1/10,-0.216161954,-1,0.733275294,0.266724646,0.108080977,1
2017/1/11,-0.080393935,-1,0.733275294,0.266724646,0.040196968,1
2017/1/12,0.015087887,-1,0.733275294,0.266724646,-0.007543944,0
2017/1/13,-0.367656731,-1,0.72114718,0.27885288,0.183828366,1
2017/1/16,-0.614456731,-1,0.677380025,0.322620004,0.307228366,1
2017/1/17,-0.065585352,-1,0.617818654,0.382181346,0.032792676,1
2017/1/18,-0.333636949,-1,0.648881018,0.351119012,0.166818475,1
2017/1/19,-0.272823895,-1,0.696537852,0.303462178,0.136411948,1
2017/1/20,-0.251940071,-1,0.696537852,0.303462178,0.125970036,1
2017/1/23,-0.22141716,-1,0.749819994,0.250180036,0.11070858,1
2017/1/24,-0.150981408,-1,0.725848615,0.274151325,0.075490704,1
2017/1/25,0.262030888,-1,0.727434397,0.272565633,-0.131015444,0
2017/1/26,0.634539068,-1,0.696537852,0.303462178,-0.317269534,0
2017/2/3,0.236913184,-1,0.696747601,0.303252369,-0.118456592,0
2017/2/6,0.590687064,-1,0.634546995,0.365452975,-0.295343532,0
2017/2/7,0.896505627,-1,0.634546995,0.365452975,-0.448252814,0
2017/2/8,0.568483483,-1,0.663411617,0.336588353,-0.284241742,0
2017/2/9,0.717820516,-1,0.634546995,0.365452975,-0.358910258,0
2017/2/10,0.64760888,-1,0.634546995,0.365452975,-0.32380444,0
2017/2/13,0.657088613,-1,0.691799819,0.30820024,-0.328544307,0
2017/2/14,0.530717713,-1,0.643224537,0.356775492,-0.265358857,0
2017/2/15,0.567313317,-1,0.634546995,0.365452975,-0.283656659,0
2017/2/16,0.757218472,-1,0.634546995,0.365452975,-0.378609236,0
2017/2/17,0.574958462,-1,0.634546995,0.365452975,-0.287479231,0
2017/2/20,0.62511143,-1,0.554645956,0.445354044,-0.312555715,0
2017/2/21,0.035006126,-1,0.554645956,0.445354044,-0.017503063,0
2017/2/22,0.080032017,-1,0.554645956,0.445354044,-0.040016009,0
2017/2/23,-0.0099995,-1,0.554645956,0.445354044,0.00499975,1
2017/2/24,-0.129915573,-1,0.579347193,0.420652747,0.064957787,1
2017/2/27,0.12507819,-1,0.566095173,0.433904797,-0.062539095,0
2017/2/28,-0.084963895,-1,0.693552852,0.306447119,0.042481948,1
2017/3/1,-0.294565729,-1,0.554645956,0.445354044,0.147282865,1
2017/3/2,-1.800853497,-1,0.748389482,0.251610518,0.900426749,1
2017/3/3,-1.399750964,-1,0.651772678,0.348227233,0.699875482,1
2017/3/6,-1.404821573,-1,0.684970438,0.315029651,0.702410787,1
2017/3/7,-1.116206471,-1,0.638153911,0.36184606,0.558103236,1
2017/3/8,-1.187017257,-1,0.547458947,0.452541083,0.593508629,1
2017/3/9,-1.19207709,0,0.492681563,0.507318377,-0.596038545,0
2017/3/10,-1.050498465,0,0.014937147,0.985062838,-0.525249233,0
2017/3/13,-1.141490282,0,0.016273133,0.983726859,-0.570745141,0
2017/3/14,0.445683189,0,0.007441189,0.992558837,0.222841595,1
2017/3/15,0.656999382,0,0.254242837,0.745757163,0.328499691,1
2017/3/16,0.777860271,0,0.192756861,0.807243109,0.388930136,1
2017/3/17,0.333148559,0,0.058145776,0.941854239,0.16657428,1
2017/3/20,0.388840283,0,0.214774892,0.785225034,0.194420142,1
2017/3/21,0.398940057,0,0.366685331,0.63331461,0.199470029,1
2017/3/22,0.287595748,-1,0.507050157,0.492949873,-0.143797874,0
2017/3/23,0.191996825,-1,0.507050157,0.492949873,-0.095998413,0
2017/3/24,0.201928485,-1,0.733254135,0.266745776,-0.100964243,0
2017/3/27,0.005037149,-1,0.729814708,0.270185292,-0.002518575,0
2017/3/28,-0.267022856,-1,0.647369862,0.352630138,0.133511428,1
2017/3/29,-0.070575191,-1,0.619717062,0.380282968,0.035287596,1
2017/3/30,-0.206856611,-1,0.529721022,0.470279008,0.103428306,1
2017/3/31,-0.161404252,0,0.316461831,0.683538139,-0.080702126,0
2017/4/5,-0.429174373,-1,0.526051044,0.473948956,0.214587187,1
2017/4/6,-0.506048345,0,0.492112786,0.507887244,-0.253024173,0
2017/4/7,-0.581646937,-1,0.545793056,0.454206914,0.290823469,1
2017/4/10,-0.601209278,-1,0.559409797,0.440590292,0.300604639,1
2017/4/11,-0.4601429,0,0.492112786,0.507887244,-0.23007145,0
2017/4/12,-0.749143005,-1,0.512699306,0.487300724,0.374571503,1
2017/4/13,-0.872481947,0,0.494759411,0.505240619,-0.436240974,0
2017/4/14,-0.673641973,-1,0.552232683,0.447767317,0.336820987,1
2017/4/17,-0.400537965,-1,0.56976831,0.43023169,0.200268983,1
2017/4/18,-0.15231522,0,0.485940129,0.514059901,-0.07615761,0
2017/4/19,-0.269206512,-1,0.867307246,0.132692724,0.134603256,1
2017/4/20,-0.416392213,-1,0.834331989,0.165668011,0.208196107,1
2017/4/21,-0.508105356,-1,0.937885582,0.062114485,0.254052678,1
2017/4/24,-0.657578513,-1,0.700874269,0.299125701,0.328789257,1
2017/4/25,-0.433995218,0,0.498485386,0.501514673,-0.216997609,0
2017/4/26,-0.939501422,-1,0.534225106,0.465774924,0.469750711,1
2017/4/27,-1.067453125,-1,0.804520488,0.195479542,0.533726563,1
2017/4/28,-1.468996346,-1,0.704866648,0.295133412,0.734498173,1
2017/5/2,-1.130417909,-1,0.799801767,0.200198233,0.565208955,1
2017/5/3,-1.326693809,-1,0.833439887,0.166560113,0.663346905,1
2017/5/4,-0.993148329,-1,0.988276899,0.011723151,0.496574165,1
2017/5/5,-0.7907209,-1,0.988186419,0.011813504,0.39536045,1
2017/5/8,-0.724101251,-1,0.964820743,0.035179257,0.362050626,1
2017/5/9,-0.426702958,-1,0.984186471,0.015813567,0.213351479,1
2017/5/10,-0.391007341,-1,0.632597148,0.367402792,0.195503671,1
2017/5/11,-0.221964216,-1,0.632597148,0.367402792,0.110982108,1
2017/5/12,-0.386548607,-1,0.632597148,0.367402792,0.193274304,1
2017/5/15,0.015468303,-1,0.632597148,0.367402792,-0.007734152,0
2017/5/16,-0.20600512,-1,0.92373395,0.076266035,0.10300256,1
2017/5/17,-0.046404909,-1,0.995045185,0.00495478,0.023202455,1
2017/5/18,-0.108294882,-1,0.99442333,0.005576651,0.054147441,1
2017/6/19,0.260184316,0,0.452111959,0.547888041,0.130092158,1
2017/6/20,-0.147714276,0,0.382035822,0.617964208,-0.073857138,0
2017/6/21,-0.234442796,-1,0.882521331,0.117478661,0.117221398,1
2017/6/22,-0.260450062,-1,0.613380969,0.386619061,0.130225031,1
2017/6/23,-0.005110254,-1,0.5791412,0.42085883,0.002555127,1
2017/6/26,-0.040828826,-1,0.613380969,0.386619061,0.020414413,1
2017/6/27,-0.122286778,-1,0.676316917,0.323683083,0.061143389,1
2017/6/28,-0.214132844,-1,0.793018758,0.206981212,0.107066422,1
2017/6/29,-0.23975322,-1,0.917757869,0.082242139,0.11987661,1
2017/6/30,-0.193887504,-1,0.972798944,0.027201049,0.096943752,1
2017/7/3,-0.102103337,-1,0.999284804,0.000715182,0.051051669,1
2017/7/4,0.163498912,-1,0.961597681,0.038402326,-0.081749456,0
2017/7/5,0.030657606,-1,0.884315312,0.115684696,-0.015328803,0
2017/7/6,-0.15836934,-1,0.983301401,0.016698658,0.07918467,1
2017/7/7,-0.413825405,-1,0.997253716,0.002746321,0.206912703,1
2017/7/10,-0.327181929,-1,0.997273505,0.002726433,0.163590965,1
2017/7/11,-0.10219725,-1,0.987775803,0.012224222,0.051098625,1
2017/7/12,-0.173797519,-1,0.989301503,0.010698522,0.08689876,1
2017/7/13,-0.102207695,-1,0.99911195,0.00088807,0.051103848,1
2017/7/14,-0.306780075,-1,0.999450624,0.00054939,0.153390038,1
2017/7/17,-0.353131205,-1,0.999277294,0.000722743,0.176565603,1
2017/7/18,-0.271342801,-1,0.996890247,0.00310974,0.135671401,1
2017/7/19,-0.215252236,-1,0.641445756,0.358554304,0.107626118,1
2017/7/20,-0.312844833,-1,0.896685421,0.103314579,0.156422417,1
2017/7/21,-0.599955649,-1,0.897558212,0.10244175,0.299977825,1
2017/7/24,-0.487217929,-1,0.896965981,0.103034042,0.243608965,1
2017/7/25,-0.512611334,-1,0.654311359,0.345688581,0.256305667,1
2017/7/26,-0.307724112,-1,0.513503671,0.486496389,0.153862056,1
2017/7/27,-0.385257957,-1,0.751983225,0.248016775,0.192628979,1
2017/7/28,-0.390384716,-1,0.74364996,0.25635007,0.195192358,1
2017/7/31,-0.416442339,-1,0.682586849,0.317413181,0.20822117,1
2017/8/1,-0.185090027,-1,0.75234127,0.24765873,0.092545014,1
2017/8/2,0.082257986,-1,0.689728558,0.310271412,-0.041128993,0
2017/8/3,0.174645617,0,0.417624354,0.582375586,0.087322809,1
2017/8/4,0.107866564,0,0.096564323,0.903435647,0.053933282,1
2017/8/7,-0.030824557,0,0.106350958,0.893649101,-0.015412279,0
2017/8/8,0.185109061,0,0.00926042,0.990739584,0.092554531,1
2017/8/9,0.190246092,0,0.075345442,0.924654603,0.095123046,1
2017/8/10,0.200725768,0,0.004758204,0.995241761,0.100362884,1
2017/8/11,0.097729092,0,0.001318779,0.998681247,0.048864546,1
2017/9/11,0.318389834,-1,0.850035429,0.149964541,-0.159194917,0
2017/9/12,-0.179418221,-1,0.957713306,0.042286728,0.089709111,1
2017/9/13,-0.112693384,-1,0.856158912,0.143841088,0.056346692,1
2017/9/14,0.102469524,-1,0.931420863,0.068579152,-0.051234762,0
2017/9/15,-0.087012162,-1,0.990918994,0.009080986,0.043506081,1
2017/9/18,-0.066559151,-1,0.622701108,0.377298892,0.033279576,1
2017/9/19,0.230515175,-1,0.622701108,0.377298892,-0.115257588,0
2017/9/20,0.097288725,-1,0.848644137,0.151355892,-0.048644363,0
2017/9/21,-0.051284682,-1,0.646857858,0.353142172,0.025642341,1
2017/9/22,-0.010262199,-1,0.682271361,0.317728698,0.0051311,1
2017/9/25,-0.148744674,-1,0.751856148,0.248143882,0.074372337,1
2017/9/26,-0.395085047,-1,0.631894052,0.368105918,0.197542524,1
2017/9/27,-0.405347024,-1,0.624192655,0.375807345,0.202673512,1
2017/9/28,-0.621646534,-1,0.627294838,0.372705162,0.310823267,1
2017/9/29,-0.956256323,-1,0.910371184,0.089628838,0.478128162,1
2017/10/9,-0.87902486,0,0.397208542,0.602791429,-0.43951243,0
2017/10/10,-0.498831098,0,0.393947005,0.606052935,-0.249415549,0
2017/10/11,-0.462892356,-1,0.515294373,0.484705657,0.231446178,1
2017/10/12,-0.401173197,-1,0.573175371,0.426824689,0.200586599,1
2017/10/13,-0.283162338,0,0.219687477,0.780312538,-0.141581169,0
2017/10/16,-0.618877684,-1,0.779677927,0.220322102,0.309438842,1
2017/10/17,-0.320033309,-1,0.607059598,0.392940372,0.160016655,1
2017/10/18,-0.450439551,-1,0.892386615,0.1076134,0.225219776,1
2017/10/19,-0.91808005,-1,0.558276176,0.441723734,0.459040025,1
2017/10/20,-0.953128169,-1,0.558276176,0.441723734,0.476564085,1
2017/10/23,-0.864640764,-1,0.558276176,0.441723734,0.432320382,1
2017/10/24,-0.98400504,-1,0.558276176,0.441723734,0.49200252,1
2017/10/25,-0.906342792,-1,0.558276176,0.441723734,0.453171396,1
2017/10/26,-0.497874693,-1,0.684933782,0.315066248,0.248937347,1
2017/10/27,-0.80980509,0,0.086786665,0.913213372,-0.404902545,0
2017/10/30,-0.317039844,-1,0.964725554,0.035274498,0.158519922,1
2017/10/31,0.067717153,-1,0.938326836,0.061673131,-0.033858577,0
2017/11/1,-0.078102631,-1,0.911226988,0.088773012,0.039051316,1
2017/11/2,-0.505670307,-1,0.931266844,0.068733118,0.252835154,1
2017/11/3,-0.187539126,-1,0.872288823,0.127711162,0.093769563,1
2017/11/6,-0.088484066,-1,0.766544998,0.233454973,0.044242033,1
2017/11/7,-0.04680309,-1,0.919933319,0.080066688,0.023401545,1
2017/11/8,0.09898154,-1,0.831441164,0.168558791,-0.04949077,0
2017/11/9,-0.098955764,-1,0.896507204,0.103492811,0.049477882,1
2017/11/10,-0.083350703,-1,0.932595491,0.067404471,0.041675352,1
2017/11/13,-0.391430786,-1,0.90355438,0.096445598,0.195715393,1
2017/11/14,-0.036590785,-1,0.980151176,0.019848814,0.018295393,1
2017/11/15,-0.109560465,-1,0.776362121,0.223637879,0.054780233,1
2017/11/16,-0.192854038,-1,0.654951453,0.345048547,0.096427019,1
2017/11/17,-0.380436658,0,0.074412547,0.925587416,-0.190218329,0
2017/11/20,0.093681697,-1,0.862042308,0.137957677,-0.046840849,0
2017/11/21,0.426373358,-1,0.751918375,0.248081669,-0.213186679,0
2017/11/22,0.442006908,-1,0.692134261,0.307865739,-0.221003454,0
2017/11/23,0.781335364,-1,0.820780694,0.179219231,-0.390667682,0
2017/11/24,0.760420331,-1,0.723981559,0.276018441,-0.380210166,0
2017/11/27,0.603696863,-1,0.653223455,0.346776605,-0.301848432,0
2017/11/28,0.551510243,0,0.000598799,0.999401212,0.275755122,1
2017/11/29,0.62980039,0,0.110475257,0.889524758,0.314900195,1
2017/11/30,0.088396647,-1,0.644798994,0.355201036,-0.044198324,0
2017/12/1,-0.264969632,-1,0.627718151,0.372281909,0.132484816,1
2017/12/4,-0.207759904,-1,0.642504811,0.357495219,0.103879952,1
2017/12/5,-0.07785939,-1,0.636607707,0.363392264,0.038929695,1
2017/12/6,0.072614111,-1,0.63629359,0.36370641,-0.036307056,0
2017/12/7,0.051872602,-1,0.578260064,0.421739995,-0.025936301,0
2017/12/8,0.03112679,0,0.070376687,0.929623246,0.015563395,1
2017/12/11,0.062243894,0,0.034954578,0.965045393,0.031121947,1
2017/12/12,0.259538168,0,0.223329142,0.776670814,0.129769084,1
2017/12/13,0.549936535,0,0.001992493,0.998007476,0.274968268,1
2017/12/14,0.420266787,0,0.000123529,0.999876499,0.210133394,1
2017/12/15,0.186760793,0,0.004488917,0.995511055,0.093380397,1
2017/12/18,0.057016977,-1,0.619587421,0.380412579,-0.028508489,0
2017/12/19,0.09330293,-1,0.619712234,0.380287796,-0.046651465,0
2017/12/20,0.217616666,-1,0.619564116,0.380435914,-0.108808333,0
2017/12/21,-0.171264022,0,0.001912219,0.998087704,-0.085632011,0
2017/12/22,-0.16602681,0,0.115048915,0.884951115,-0.083013405,0
2017/12/25,-0.404376102,-1,0.588825941,0.411174059,0.202188051,1
2017/12/26,-0.32152701,-1,0.554878354,0.445121616,0.160763505,1
2017/12/27,-0.072587757,-1,0.561823606,0.438176394,0.036293879,1
2017/12/28,-0.082944536,0,0.061189994,0.938809991,-0.041472268,0
2017/12/29,-0.31654628,-1,0.739383936,0.260616004,0.15827314,1
2018/1/2,-0.581366807,-1,0.683721781,0.316278219,0.290683404,1
2018/1/3,-0.119539527,-1,0.686560512,0.313439429,0.059769764,1
2018/1/4,-0.296419781,-1,0.560490489,0.439509481,0.148209891,1
2018/1/5,-0.275704391,-1,0.596111715,0.403888285,0.137852196,1
2018/1/8,-0.437272951,-1,0.583405316,0.416594654,0.218636476,1
2018/1/9,-0.770596336,-1,0.856151283,0.143848702,0.385298168,1
2018/1/10,-0.807106883,-1,0.8653543,0.134645715,0.403553442,1
2018/1/11,-0.421886612,-1,0.584283769,0.415716231,0.210943306,1
2018/1/12,-0.244976798,-1,0.726025939,0.273974121,0.122488399,1
2018/1/15,-0.291651683,-1,0.612058401,0.387941569,0.145825842,1
2018/1/16,-0.052094187,-1,0.729170501,0.270829439,0.026047094,1
2018/1/17,-0.026049129,-1,0.753103256,0.246896699,0.013024565,1
2018/1/18,0.109497625,-1,0.516689003,0.483311057,-0.054748813,0
2018/1/19,0.224502144,-1,0.516689003,0.483311057,-0.112251072,0
2018/1/22,0.292352075,-1,0.516689003,0.483311057,-0.146176038,0
2018/1/23,0.260634009,0,2.72E-10,1,0.130317005,1
2018/1/24,0.146015879,0,0.460007071,0.539992869,0.07300794,1
2018/1/25,0.01564578,-1,0.588806808,0.411193162,-0.00782289,0
2018/1/26,0.078131108,-1,0.536682844,0.463317156,-0.039065554,0
2018/1/29,0.078127039,0,0.460007071,0.539992869,0.03906352,1
2018/1/30,-0.06255539,0,0.460007071,0.539992869,-0.031277695,0
2018/1/31,0.208387676,-1,0.582133949,0.417866051,-0.104193838,0
2018/2/1,0.281103777,-1,0.674844623,0.325155377,-0.140551889,0
2018/2/2,0.036434613,-1,0.690793097,0.309206933,-0.018217307,0
2018/2/5,0.104166676,-1,0.554652095,0.445347935,-0.052083338,0
2018/2/6,0.026070861,0,0.401019305,0.598980665,0.013035431,1
2018/2/7,0.057257373,0,0.205010027,0.794990003,0.028628687,1
2018/2/8,0.32746865,0,0.351894587,0.648105383,0.163734325,1
2018/2/9,0.841213809,0,3.02E-06,0.99999702,0.420606905,1
2018/2/12,0.648426601,0,0.383736283,0.616263747,0.324213301,1
2018/2/13,0.508141714,0,0.401019305,0.598980665,0.254070857,1
2018/2/14,0.632880672,0,0.401019305,0.598980665,0.316440336,1
2018/2/22,0.664109528,0,0.401019305,0.598980665,0.332054764,1
2018/2/23,0.820357664,0,0.026174614,0.973825395,0.410178832,1
2018/2/26,0.534552483,0,0.000863319,0.999136746,0.267276242,1
2018/2/27,0,0,0.322657853,0.677342176,0,0
2018/2/28,0.041358632,0,0.373857379,0.626142621,0.020679316,1
2018/3/19,0.491020498,0,0.477431923,0.522568107,0.245510249,1
2018/3/20,0.434109209,0,0.477431923,0.522568107,0.217054605,1
2018/3/21,0.26858133,0,0.477431923,0.522568107,0.134290665,1
2018/3/22,0.258304633,0,0.004887618,0.99511236,0.129152317,1
2018/3/23,0.067150497,0,0.477431923,0.522568107,0.033575249,1
2018/3/26,-0.211454732,0,0.477431923,0.522568107,-0.105727366,0
2018/3/27,-0.005156101,0,0.452356905,0.547643125,-0.002578051,0
2018/3/28,-0.170318227,0,0.452356905,0.547643125,-0.085159114,0
2018/3/29,-0.041256253,0,0.452356905,0.547643125,-0.020628127,0
2018/3/30,0.077321584,0,0.351034194,0.648965776,0.038660792,1
2018/4/2,0.134020639,0,0.452356905,0.547643125,0.06701032,1
2018/4/3,0.453001907,0,0.002445703,0.997554362,0.226500954,1
2018/4/4,0.627994034,0,0.030895062,0.969104886,0.313997017,1
2018/4/9,1.226379637,0,7.93E-06,0.999992132,0.613189819,1
2018/4/10,0.995339396,0,0.00536845,0.994631529,0.497669698,1
2018/4/11,1.186180433,0,0.437259287,0.562740684,0.593090217,1
2018/4/12,0.878167153,0,0.375844598,0.624155343,0.439083577,1
2018/4/13,0.918119957,0,0.350110084,0.649889946,0.459059979,1
2018/4/16,0.79526342,0,0.389688194,0.610311806,0.39763171,1
2018/4/17,0.583808695,0,1.94E-05,0.999980569,0.291904348,1
2018/4/18,0.25623957,0,0.393095046,0.606904924,0.128119785,1
2018/5/16,0.040941659,0,0.000187282,0.999812782,0.02047083,1
2018/5/17,-0.040954234,0,0.003773043,0.996227026,-0.020477117,0
2018/5/18,0.215263268,0,0.343030363,0.656969666,0.107631634,1
2018/5/21,0.435574237,0,0.376028925,0.623971105,0.217787119,1
2018/5/22,0.281755264,0,0.377120942,0.622879028,0.140877632,1
2018/5/23,0.081916859,0,0.219903946,0.780096114,0.04095843,1
2018/5/24,0.122900466,0,0.000125221,0.999874711,0.061450233,1
2018/5/25,0.189534672,0,0.11391294,0.88608712,0.094767336,1
2018/5/28,-0.020468734,0,0.174098924,0.825901091,-0.010234367,0
2018/5/29,0.051190173,0,0.100345731,0.89965421,0.025595087,1
2018/5/30,0.040950042,-1,0.768826067,0.231173933,-0.020475021,0
2018/5/31,-0.240612398,-1,0.722094595,0.277905434,0.120306199,1
2018/6/1,-0.369004109,0,0.328872383,0.671127617,-0.184502055,0
2018/6/4,-0.163900877,0,0.385671198,0.614328802,-0.081950439,0
2018/6/5,-0.005117838,0,0.194655135,0.80534482,-0.002558919,0
2018/6/6,0.097189194,0,0.075183973,0.924815953,0.048594597,1
2018/6/7,0.326998043,0,0.052573033,0.947426915,0.163499022,1
2018/6/8,0.0869632,0,0.027497035,0.972502947,0.0434816,1
2018/6/11,0.306591962,0,0.000837194,0.999162793,0.153295981,1
2018/6/12,0.587710903,0,0.000203766,0.999796212,0.293855452,1
2018/6/13,0.695868547,0,2.46E-05,0.999975324,0.347934274,1
2018/6/14,0.536797383,0,0.006060115,0.993939877,0.268398692,1
2018/6/15,0.500307354,0,0.000106093,0.999893904,0.250153677,1
2018/6/19,0.489622032,0,0.19010663,0.80989337,0.244811016,1
2018/6/20,0.37676334,0,0.381403416,0.618596613,0.18838167,1
2018/6/21,0.784357693,0,0.339189082,0.660810888,0.392178847,1
2018/6/22,0.356506616,-1,0.560096204,0.439903736,-0.178253308,0
2018/6/25,0.193443351,-1,0.568494737,0.431505322,-0.096721676,0
2018/6/26,0.300384616,0,0.107012883,0.892987192,0.150192308,1
2018/6/27,0.127385307,0,0.212641254,0.787358701,0.063692654,1
2018/6/28,-0.071319412,0,0.003541879,0.996458113,-0.035659706,0
2018/6/29,-0.152749521,0,0.000721261,0.999278724,-0.076374761,0
2018/7/2,-0.071170762,-1,0.560489416,0.439510584,0.035585381,1
2018/7/3,-0.309951723,0,0.001124002,0.998876035,-0.154975862,0
2018/7/4,0.076229199,0,0.000791968,0.999208033,0.0381146,1
2018/7/5,0.182917586,0,0.005302878,0.994697094,0.091458793,1
2018/7/6,0.142240308,-1,0.633385479,0.366614491,-0.071120154,0
2018/7/9,0.310140829,-1,0.564090252,0.435909688,-0.155070415,0
2018/7/10,0.599534364,-1,0.574189901,0.425810128,-0.299767182,0
2018/7/11,0.06112781,0,0.179971308,0.820028663,0.030563905,1
2018/7/12,-0.061043852,-1,0.527410328,0.472589642,0.030521926,1
2018/7/13,-0.157885388,-1,0.568546832,0.431453139,0.078942694,1
2018/7/16,-0.269603643,-1,0.568546832,0.431453139,0.134801822,1
2018/7/17,-0.264321813,-1,0.568546832,0.431453139,0.132160907,1
2018/7/18,-0.132073574,-1,0.568546832,0.431453139,0.066036787,1
2018/7/19,-0.106661259,0,0.004959722,0.995040238,-0.05333063,0
2018/7/20,-0.197753785,-1,0.568546832,0.431453139,0.098876893,1
2018/8/30,-0.117758506,-1,0.584900439,0.415099502,0.058879253,1
2018/8/31,-0.209820706,-1,0.550020635,0.449979335,0.104910353,1
2018/9/3,-0.306905612,-1,0.529499948,0.470500112,0.153452806,1
2018/9/4,-0.204708362,-1,0.593690217,0.406309783,0.102354181,1
2018/9/5,-0.102406563,-1,0.588008404,0.411991537,0.051203282,1
2018/9/6,0.005119672,-1,0.588008404,0.411991537,-0.002559836,0
2018/9/7,-0.117794692,-1,0.588008404,0.411991537,0.058897346,1
2018/9/10,-0.194861864,-1,0.553718388,0.446281612,0.097430932,1
2018/9/11,-0.374676446,0,0.472427577,0.527572453,-0.187338223,0
2018/9/12,-0.194861864,-1,0.553285718,0.446714342,0.097430932,1
2018/9/13,-0.179464219,-1,0.528095722,0.471904278,0.08973211,1
2018/10/24,0.045868054,0,0.44296056,0.55703944,0.022934027,1
2018/10/25,0.035651532,0,0.44296056,0.55703944,0.017825766,1
2018/10/26,0.188232956,0,0.44296056,0.55703944,0.094116478,1
2017/5/19,0.30864222,-1,0.997441888,0.002558073,-0.15432111,0
2017/5/22,0.365330104,-1,0.981321394,0.018678585,-0.182665052,0
2017/5/23,0.767036784,-1,0.683322728,0.316677243,-0.383518392,0
2017/5/24,0.592098525,-1,0.71080333,0.2891967,-0.296049263,0
2017/5/25,0.329421751,-1,0.945498765,0.054501198,-0.164710876,0
2017/5/26,0.22143841,-1,0.881759763,0.118240312,-0.110719205,0
2017/5/31,0.308960081,0,0.475931048,0.524068952,0.154480041,1
2017/6/1,0.929570415,-1,0.897202075,0.102797888,-0.464785208,0
2017/6/2,0.491854665,-1,0.708213568,0.291786432,-0.245927333,0
2017/6/5,0.604231446,-1,0.988125563,0.011874378,-0.302115723,0
2017/6/6,0.429844076,-1,0.955105543,0.044894487,-0.214922038,0
2017/6/7,0.491602793,-1,0.988908231,0.011091735,-0.245801397,0
2017/6/8,0.956357815,-1,0.996922195,0.003077823,-0.478178908,0
2017/6/9,1.043914914,0,0.010282156,0.989717841,0.521957457,1
2017/6/12,0.803957527,-1,0.65959698,0.34040302,-0.401978764,0
2017/6/13,0.035777261,-1,0.619162023,0.380837977,-0.017888631,0
2017/6/14,0.163415418,-1,0.678656876,0.321343124,-0.081707709,0
2017/6/15,0.254933091,-1,0.746697247,0.253302813,-0.127466546,0
2017/6/16,0.26007817,-1,0.676638663,0.323361367,-0.130039085,0
2017/8/14,-0.005139142,0,0.107362054,0.892637968,-0.002569571,0
2017/8/15,-0.138664224,0,0.222452953,0.777547002,-0.069332112,0
2017/8/16,-0.148989213,0,0.09603136,0.903968573,-0.074494607,0
2017/8/17,-0.107960836,0,0.119250789,0.880749226,-0.053980418,0
2017/8/18,-0.143944092,0,0.285762221,0.71423775,-0.071972046,0
2017/8/21,-0.128504991,0,0.27744329,0.72255677,-0.064252496,0
2017/8/22,0.143862739,-1,0.940619886,0.059380069,-0.07193137,0
2017/8/23,0.066812286,-1,0.801013768,0.198986232,-0.033406143,0
2017/8/24,-0.082262215,-1,0.750998437,0.249001592,0.041131108,1
2017/8/25,-0.082262215,-1,0.735837042,0.264162898,0.041131108,1
2017/8/28,-0.041139567,-1,0.683470607,0.316529393,0.020569784,1
2017/8/29,0.005143636,-1,0.684050024,0.315950036,-0.002571818,0
2017/8/30,0.020576132,-1,0.750738084,0.249261856,-0.010288066,0
2017/8/31,0.426002133,-1,0.789221585,0.2107784,-0.213001067,0
2017/9/1,0.287106068,-1,0.698342919,0.30165711,-0.143553034,0
2017/9/4,0.225803237,-1,0.803132951,0.196867064,-0.112901619,0
2017/9/5,0.533498752,-1,0.8119151,0.188084915,-0.266749376,0
2017/9/6,0.492561283,-1,0.801808834,0.198191181,-0.246280642,0
2017/9/7,0.29275078,-1,0.790199876,0.209800124,-0.14637539,0
2017/9/8,0.400390659,0,0.201939046,0.798060954,0.20019533,1
2018/3/1,-0.098290275,0,0.399955869,0.600044191,-0.049145138,0
2018/3/2,-0.238193982,0,0.399955869,0.600044191,-0.119096991,0
2018/3/5,-0.253708682,0,0.394319892,0.605680108,-0.126854341,0
2018/3/6,-0.201879096,0,0.380955338,0.619044602,-0.100939548,0
2018/3/7,-0.201868647,0,1.49E-07,0.999999881,-0.100934324,0
2018/3/8,-0.062131099,0,0.046420053,0.953579903,-0.03106555,0
2018/3/9,0.336744263,0,0.391308337,0.608691692,0.168372132,1
2018/3/12,-0.077561471,0,0.296685904,0.703314126,-0.038780736,0
2018/3/13,0.165485894,-1,0.507502615,0.492497444,-0.082742947,0
2018/3/14,0.625341194,-1,0.792923987,0.207075998,-0.312670597,0
2018/3/15,0.548031565,-1,0.678046942,0.321953088,-0.274015783,0
2018/3/16,0.480732879,-1,0.505992949,0.494007111,-0.24036644,0
2018/4/19,-0.485673611,0,0.393095046,0.606904924,-0.242836806,0
2018/4/20,-0.11237678,0,0.393095046,0.606904924,-0.05618839,0
2018/4/23,0.02551997,0,0.393095046,0.606904924,0.012759985,1
2018/4/24,0.086883199,0,0.393095046,0.606904924,0.0434416,1
2018/4/25,-0.163515622,0,0.393095046,0.606904924,-0.081757811,0
2018/4/26,-0.173904192,0,0.00783179,0.992168248,-0.086952096,0
2018/4/27,-0.091954029,0,0.001385975,0.998613954,-0.045977015,0
2018/5/2,0.086972098,0,0.165087253,0.834912777,0.043486049,1
2018/5/3,0.209895897,0,0.461388141,0.538611829,0.104947949,1
2018/5/4,-0.153444867,-1,0.50458163,0.49541831,0.076722434,1
2018/5/7,-0.291314442,0,0.249694854,0.750305116,-0.145657221,0
2018/5/8,-0.435172836,0,0.232666999,0.767333031,-0.217586418,0
2018/5/9,-0.420233284,0,0.320184797,0.679815173,-0.210116642,0
2018/5/10,-0.210111026,0,0.386534095,0.613465905,-0.105055513,0
2018/5/11,-0.214888801,0,0.386534095,0.613465905,-0.107444401,0
2018/5/14,-0.199636625,0,0.21857436,0.781425655,-0.099818313,0
2018/5/15,-0.261156919,0,0.155095711,0.844904304,-0.13057846,0
2018/7/23,0.452202076,-1,0.578152239,0.421847761,-0.226101038,0
2018/7/24,0.299774124,-1,0.539874971,0.460125029,-0.149887062,0
2018/7/25,0.5844552,-1,0.539874971,0.460125029,-0.2922276,0
2018/7/26,0.411742862,-1,0.539874971,0.460125029,-0.205871431,0
2018/7/27,0.284625351,-1,0.539874971,0.460125029,-0.142312676,0
2018/7/30,-0.137338204,-1,0.539874971,0.460125029,0.068669102,1
2018/7/31,-0.274795349,-1,0.539874971,0.460125029,0.137397675,1
2018/8/1,-0.534366014,-1,0.539874971,0.460125029,0.267183007,1
2018/8/2,-0.819530687,-1,0.539874971,0.460125029,0.409765344,1
2018/8/3,-0.605553589,-1,0.539874971,0.460125029,0.302776795,1
2018/8/6,-0.808979456,-1,0.539874971,0.460125029,0.404489728,1
2018/8/7,-0.93265717,0,0.448396862,0.551603138,-0.466328585,0
2018/8/8,-0.953626646,0,0.49463895,0.505361021,-0.476813323,0
2018/8/9,-0.669035462,0,0.421312898,0.578687072,-0.334517731,0
2018/8/10,-0.633884139,0,0.129942417,0.870057583,-0.31694207,0
2018/8/13,-0.465438275,0,0.18302846,0.81697154,-0.232719138,0
2018/8/14,-0.220022091,0,0.208757952,0.791242063,-0.110011046,0
2018/8/15,-0.373296949,0,0.000160723,0.999839306,-0.186648475,0
2018/8/16,-0.301859992,0,0.189004421,0.810995579,-0.150929996,0
2018/8/17,0.087007708,-1,0.509207487,0.490792513,-0.043503854,0
2018/8/20,0.138252409,-1,0.521369517,0.478630453,-0.069126205,0
2018/8/21,0.235438741,-1,0.529499948,0.470500112,-0.117719371,0
2018/8/22,0.409417153,-1,0.529499948,0.470500112,-0.204708577,0
2018/8/23,0.276455406,-1,0.529499948,0.470500112,-0.138227703,0
2018/8/24,0.092161186,-1,0.529499948,0.470500112,-0.046080593,0
2018/8/27,0.066579603,-1,0.582550585,0.417449504,-0.033289802,0
2018/8/28,0.107546166,-1,0.558183908,0.441816121,-0.053773083,0
2018/8/29,-0.138224099,-1,0.569734514,0.430265516,0.06911205,1
2018/9/14,0.00512282,-1,0.588008404,0.411991537,-0.00256141,0
2018/9/17,0.138224099,-1,0.588008404,0.411991537,-0.06911205,0
2018/9/18,0.097224007,-1,0.616706967,0.383293033,-0.048612004,0
2018/9/19,0.168966529,-1,0.600250959,0.399749041,-0.084483265,0
2018/9/20,0.409794652,0,0.203991368,0.796008646,0.204897326,1
2018/9/21,0.630496489,0,0.40804556,0.59195441,0.315248245,1
2018/9/25,0.665066144,-1,0.616706967,0.383293033,-0.332533072,0
2018/9/26,0.639470142,-1,0.616706967,0.383293033,-0.319735071,0
2018/9/27,0.403875706,-1,0.616706967,0.383293033,-0.201937853,0
2018/9/28,0.3421775,-1,0.608951926,0.391048104,-0.17108875,0
2018/10/8,0.255401886,-1,0.616706967,0.383293033,-0.127700943,0
2018/10/9,0.39824417,-1,0.616706967,0.383293033,-0.199122085,0
2018/10/10,0.275665089,-1,0.536090314,0.463909656,-0.137832545,0
2018/10/11,0.127665024,-1,0.536090314,0.463909656,-0.063832512,0
2018/10/12,0.025491346,-1,0.536090314,0.463909656,-0.012745673,0
2018/10/15,0.107030922,-1,0.536090314,0.463909656,-0.053515461,0
2018/10/16,0.193689851,-1,0.536090314,0.463909656,-0.096844926,0
2018/10/17,0.132470596,-1,0.536090314,0.463909656,-0.066235298,0
2018/10/18,0.371719246,-1,0.536090314,0.463909656,-0.185859623,0
2018/10/19,0.229036873,-1,0.536090314,0.463909656,-0.114518437,0
2018/10/22,0.290157754,-1,0.626785636,0.373214364,-0.145078877,0
2018/10/23,0.422682879,-1,0.549946308,0.450053692,-0.21134144,0
